id,warnings
freezew101#9493,0
Capybara#8868,0
Quezard#5463,34
freezew101#9493,0
Capybara#8868,0
Quezard#5463,1
freezew101#9493,0
Capybara#8868,0
Quezard#5463,0
freezew101#9493,0
Capybara#8868,12
Quezard#5463,0
freezew101#9493,0
Capybara#8868,0
Quezard#5463,0
freezew101#9493,0
Capybara#8868,0
Quezard#5463,0
freezew101#9493,0
Capybara#8868,0
Quezard#5463,0
freezew101#9493,0
Capybara#8868,0
Quezard#5463,0
freezew101#9493,0
Capybara#8868,0
Quezard#5463,0
freezew101#9493,0
Capybara#8868,0
Quezard#5463,0
freezew101#9493,0
Capybara#8868,0
Quezard#5463,0
freezew101#9493,0
Capybara#8868,0
Quezard#5463,0
freezew101#9493,0
Capybara#8868,0
Quezard#5463,0
freezew101#9493,0
Capybara#8868,0
Quezard#5463,0
freezew101#9493,0
Capybara#8868,0
Quezard#5463,0
freezew101#9493,0
Capybara#8868,0
Quezard#5463,0
freezew101#9493,2
Capybara#8868,0
Quezard#5463,0
freezew101#9493,0
Capybara#8868,0
Quezard#5463,0
freezew101#9493,0
Capybara#8868,0
Quezard#5463,1
freezew101#9493,2
Capybara#8868,0
Quezard#5463,0
freezew101#9493,0
Capybara#8868,0
Quezard#5463,0
freezew101#9493,0
Capybara#8868,0
Quezard#5463,0
freezew101#9493,0
Capybara#8868,0
Quezard#5463,0
freezew101#9493,0
Capybara#8868,0
Quezard#5463,0
freezew101#9493,0
Capybara#8868,0
Quezard#5463,0
freezew101#9493,2
Capybara#8868,0
Quezard#5463,0
freezew101#9493,0
Capybara#8868,0
Quezard#5463,0
freezew101#9493,0
Capybara#8868,0
Quezard#5463,0
freezew101#9493,0
Capybara#8868,0
Quezard#5463,0
freezew101#9493,0
Capybara#8868,0
Quezard#5463,0
freezew101#9493,0
Capybara#8868,0
Quezard#5463,0
freezew101#9493,0
Capybara#8868,0
Quezard#5463,0
freezew101#9493,3
Capybara#8868,0
Quezard#5463,0
freezew101#9493,0
Capybara#8868,0
Quezard#5463,0
freezew101#9493,0
Capybara#8868,0
Quezard#5463,0
